"Date","Title"
"Sep 02, 2021","C.E. Info Systems Limited - DRHP"
"Sep 01, 2021","Aditya Birla Sun Life AMC - Corrigendum to DRHP"
"Sep 01, 2021","INFINION BIOPHARMA LIMITED"
"Aug 27, 2021","Maximus International Limited"
"Aug 24, 2021","Prudent Corporate Advisory Services Limited"
"Aug 23, 2021","Metro Brands Limited"
"Aug 20, 2021","AGS Transact Technologies Limited"
"Aug 20, 2021","Emcure Pharmaceuticals Limited"
"Aug 18, 2021","MedPlus Health Services Limited"
"Aug 18, 2021","Sterlite Power Transmissions Limited - DRHP"
"Aug 18, 2021","Tega Industries Limited - DRHP"
"Aug 18, 2021","Rategain Travel Technologies Limited"
"Aug 18, 2021","INSPIRA ENTERPRISE INDIA LIMITED"
"Aug 18, 2021","Aditya Birla Sun Life AMC - Addendum to DRHP"
"Aug 17, 2021","Tracxn Technologies Limited"
"Aug 17, 2021","VLCC HEALTH CARE LIMITED"
"Aug 17, 2021","Go Fashion (India) Limited -   DRHP"
"Aug 17, 2021","Paradeep Phosphates Limited"
"Aug 17, 2021","CMS Info Systems Limited - DRHP"
"Aug 16, 2021","Latent View Analytics Limited"
"Aug 13, 2021","Le Travenues Technology Limited - DRHP"
"Aug 12, 2021","Sapphire Foods India Limited -  DRHP"
"Aug 11, 2021","Easing of Operational Procedure"
"Aug 11, 2021","Tarsons Products Limited"
"Aug 10, 2021","Sigachi Industries Limited"
"Oct 01, 2021","Oravel Stays Limited"
"Oct 01, 2021","BVG India Limited"
"Oct 01, 2021","Uma Exports Limited"
"Oct 01, 2021","Wellness Forever Medicare Limited"
"Oct 01, 2021","PKH Ventures Limited"
"Sep 30, 2021","Global Health Limited"
"Sep 30, 2021","Abans Holdings Limited"
"Sep 29, 2021","Sahajanand Medical Technologies Limited"
"Sep 29, 2021","Veeda Clinical Research Limited"
"Sep 29, 2021","Waaree Energies Limited"
"Sep 29, 2021","Lava International Limited"
"Sep 29, 2021","CMR Green Technologies Limited"
"Sep 27, 2021","Godavari Biorefineries Limited"
"Sep 27, 2021","Samor Reality Limited"
"Sep 22, 2021","Electronics Mart India Limited"
"Sep 22, 2021","Data Patterns (India) Limited"
"Sep 21, 2021","Puranik Builders Limited"
"Sep 20, 2021","Hariom Pipe Industries Limited"
"Sep 14, 2021","Vedant Fashions Limited"
"Sep 07, 2021","HEALTHIUM MEDTECH LIMITED - DRHP"
"Sep 07, 2021","INDIA1 PAYMENTS LIMITED - DRHP"
"Sep 07, 2021","Tamilnad Mercantile Bank Limited"
"Sep 06, 2021","ESDS Software Solutions Limited"
"Sep 03, 2021","D.K. Enterprises Global Limited"
"Sep 03, 2021","Avyukta Dairy Products Limited"
