"Name","url","telephone","website","region"
"North Auckland Water Delivery","https://yellow.co.nz/y/north-auckland-water-robert?src=Other&c=396","021 0626514","https://www.northaucklandwaterdelivery.co.nz","4 Robert Might Road Kumeu Auckland 0810"
"3 Dimensional Builders Ltd","https://yellow.co.nz/y/3-dimensional-builders?src=Other&c=396","09 4225292","http://www.3dbuilders.co.nz","Servicing: Auckland Region"
"Kemp Construction Limited","https://yellow.co.nz/y/kemp-construction-te?src=Other&c=396","027 4915271","https://kempconstruction.co.nz","Servicing: Auckland City, Hibiscus Coast, Manukau City, North Shore, West Auckland"
"Andels Construction Co Ltd","https://yellow.co.nz/y/andels-construction-co?src=Other&c=396","09 8274897","https://www.renovationsauckland.co.nz","Servicing: Auckland City, Hibiscus Coast, Manukau City, North Shore, West Auckland"
"G.J. Gardner Homes","https://yellow.co.nz/y/gj-gardner-rosedale?src=Other&c=396","09 4152488","http://www.gjgardner.co.nz","Servicing: Auckland Region, Canterbury Region"
"The Matakana Carpentry Co","https://yellow.co.nz/y/matakana-carpentry-co?src=Other&c=396","021 08512024","http://www.matakanacarpentry.co.nz","Servicing: Auckland Region"
"Pzazz Building Auckland","https://yellow.co.nz/y/pzazz-building-auckland-central-6?src=Other&c=396","0800 792992","http://www.grangeoutdoor.co.nz","Servicing: Auckland Region"
"Test Business 2112111","https://yellow.co.nz/y/test-business-2112111?src=Other&c=396","022 3602592","https://google.com","Servicing: Whanganui Region, Canterbury Region, Bay Of Plenty, Timaru Oamaru Region, Marlborough Region, Northland, Nelson Region, Taranaki, Auckland Region, Waikato Region, Otago, Gisborne Region, Wellington Region, Wairarapa, Manawatu Region, Hawkes Bay, Southland Region, West Coast"
"thaomochht","https://yellow.co.nz/y/thaomochht?src=Other&c=396","0800 2340345","https://hahuytoai.com","Servicing: Auckland Region, Bay Of Plenty, Canterbury Region, Gisborne Region, Hawkes Bay, Manawatu Region, Marlborough Region, Nelson Region, Northland, Otago, Southland Region, Taranaki, Timaru Oamaru Region, Waikato Region, Wairarapa, Wellington Region, West Coast, Whanganui Region"
"Designer Homes","https://yellow.co.nz/y/designer-homes-hornby-edmonton?src=Other&c=396","03 2222344","https://www.designerhomes.kiwi.nz","Servicing: Canterbury Region, Auckland Region, Waikato Region, Wellington Region, Otago, Bay Of Plenty, Taranaki"
"LinkTrans Ltd HIAB services","https://yellow.co.nz/y/linktrans-ltd-ponsonby?src=Other&c=396","027 4718773","https://www.linktrans.co.nz","Servicing: Mangawhai Area, Helensville Area, Auckland City, Manukau City, North Shore, West Auckland, Warkworth Area"
"Marlite NZ Ltd","https://yellow.co.nz/y/marlite-nz-henderson-henderson-1?src=Other&c=396","09 8382077","http://www.marlitenz.co.nz","Servicing: Whanganui Region, Canterbury Region, Bay Of Plenty, Timaru Oamaru Region, Marlborough Region, Northland, Nelson Region, Taranaki, Auckland Region, Waikato Region, Otago, Gisborne Region, Wellington Region, Wairarapa, Manawatu Region, Hawkes Bay, Southland Region, West Coast"
"Andrew Shone Builder","https://yellow.co.nz/y/andrew-shone-builder-kumeu?src=Other&c=396","09 4126213","","Servicing this area"
"Tiny Home HQ","https://yellow.co.nz/y/tiny-home-hq?src=Other&c=396","09 2188809","https://www.tinyhomehq.co.nz","Servicing: Auckland Region, Bay Of Plenty, Canterbury Region, Gisborne Region, Hawkes Bay, Manawatu Region, Marlborough Region, Nelson Region, Northland, Otago, Southland Region, Taranaki, Timaru Oamaru Region, Waikato Region, Wairarapa, Wellington Region, West Coast, Whanganui Region"
"North Signs & Print","https://yellow.co.nz/y/north-signs-print?src=Other&c=396","021 02373324","","Servicing: Auckland Region"
"Auckland Decks N Fences","https://yellow.co.nz/y/auckland-decks-n?src=Other&c=396","020 41643446","https://aucklanddecksnfences.co.nz/","Servicing: Auckland City, North Shore, West Auckland, Hibiscus Coast"
"Your Housing Solutions","https://yellow.co.nz/y/your-housing-fenton-park?src=Other&c=396","0800 735532","https://www.yourhousingsolutions.nz/","Servicing: Whanganui Region, Canterbury Region, Bay Of Plenty, Timaru Oamaru Region, Marlborough Region, Northland, Nelson Region, Taranaki, Auckland Region, Waikato Region, Otago, Gisborne Region, Wellington Region, Wairarapa, Manawatu Region, Hawkes Bay, Southland Region, West Coast"
"The Kitchen and Cabinet Co.","https://yellow.co.nz/y/kitchen-and-cabinet?src=Other&c=396","021 0711106","https://www.thekitchenandcabinetco.co.nz","Servicing: Auckland Region"
"Production Plant","https://yellow.co.nz/y/production-plant-ponsonby-wharf?src=Other&c=396","022 5058557","","Servicing: Whanganui Region, Canterbury Region, Bay Of Plenty, Timaru Oamaru Region, Marlborough Region, Northland, Nelson Region, Taranaki, Auckland Region, Waikato Region, Otago, Gisborne Region, Wellington Region, Wairarapa, Manawatu Region, Hawkes Bay, Southland Region, West Coast"
"Kiwi Traffic Solutions","https://yellow.co.nz/y/kiwi-traffic-solutions?src=Other&c=396","022 0793497","https://www.kiwitrafficsolutions.co.nz","Servicing: Whanganui Region, Canterbury Region, Bay Of Plenty, Timaru Oamaru Region, Marlborough Region, Northland, Nelson Region, Taranaki, Auckland Region, Waikato Region, Otago, Gisborne Region, Wellington Region, Wairarapa, Manawatu Region, Hawkes Bay, Southland Region, West Coast"
"Phoenix Renovations","https://yellow.co.nz/y/phoenix-renovations-keeling?src=Other&c=396","021 1168460","https://phoenixrenovations.co.nz","Servicing: Auckland Region"
"Pencarrow Cabins","https://yellow.co.nz/y/pencarrow-cabins-raiha?src=Other&c=396","0800 111228","https://pencarrowcabins.co.nz","Servicing: Whanganui Region, Bay Of Plenty, Northland, Taranaki, Auckland Region, Waikato Region, Gisborne Region, Wellington Region, Wairarapa, Manawatu Region, Hawkes Bay"
"Auckland Roofworks Limited","https://yellow.co.nz/y/auckland-roofworks?src=Other&c=396","021 08348092","","Servicing: Manukau City, North Shore, Helensville Area, Pukekohe Area, Auckland City, Papakura Area, Leigh Area, Hibiscus Coast, West Auckland"
"Rhino Shrink : Best Shrink Wrapping Services in New Zealand","https://yellow.co.nz/y/rhino-shrink-best?src=Other&c=396","022 6464787","","Servicing: Whanganui Region, Canterbury Region, Bay Of Plenty, Timaru Oamaru Region, Marlborough Region, Northland, Nelson Region, Taranaki, Auckland Region, Waikato Region, Otago, Gisborne Region, Wellington Region, Wairarapa, Manawatu Region, Hawkes Bay, Southland Region, West Coast"
"MBD Builders Ltd","https://yellow.co.nz/y/mbd-builders?src=Other&c=396","021 665646","http://www.mbdbuild.co.nz","Servicing: West Auckland"
"Designer Homes","https://yellow.co.nz/y/designer-homes-hornby-edmonton?src=Other&c=396","03 2222344","https://www.designerhomes.kiwi.nz","Servicing: Canterbury Region, Auckland Region, Waikato Region, Wellington Region, Otago, Bay Of Plenty, Taranaki"
"daniel marshall architect ltd.","https://yellow.co.nz/y/daniel-marshall-architect?src=Other&c=396","09 3543587","https://dma.nz","Servicing: Whanganui Region, Canterbury Region, Bay Of Plenty, Timaru Oamaru Region, Marlborough Region, Northland, Nelson Region, Taranaki, Auckland Region, Waikato Region, Otago, Gisborne Region, Wellington Region, Wairarapa, Manawatu Region, Hawkes Bay, Southland Region, West Coast"
"Production Plant","https://yellow.co.nz/y/production-plant-ponsonby-wharf?src=Other&c=396","022 5058557","","Servicing: Whanganui Region, Canterbury Region, Bay Of Plenty, Timaru Oamaru Region, Marlborough Region, Northland, Nelson Region, Taranaki, Auckland Region, Waikato Region, Otago, Gisborne Region, Wellington Region, Wairarapa, Manawatu Region, Hawkes Bay, Southland Region, West Coast"
"Your Housing Solutions","https://yellow.co.nz/y/your-housing-fenton-park?src=Other&c=396","0800 735532","https://www.yourhousingsolutions.nz/","Servicing: Whanganui Region, Canterbury Region, Bay Of Plenty, Timaru Oamaru Region, Marlborough Region, Northland, Nelson Region, Taranaki, Auckland Region, Waikato Region, Otago, Gisborne Region, Wellington Region, Wairarapa, Manawatu Region, Hawkes Bay, Southland Region, West Coast"
"Steepmow","https://yellow.co.nz/y/steepmow-alison?src=Other&c=396","027 4577847","http://www.steepmow.co.nz","Servicing: Whanganui Region, Bay Of Plenty, Northland, Taranaki, Auckland Region, Waikato Region, Gisborne Region, Wellington Region, Wairarapa, Manawatu Region, Hawkes Bay"
"Wilson Property Maintanence Limited","https://yellow.co.nz/y/wilson-property-stanmore-bay?src=Other&c=396","021 08955127","https://wilsonpropertymaintanence.co.nz/","Servicing: Hibiscus Coast, Auckland City, Warkworth Area, Wellsford Area, Helensville Area, North Shore, West Auckland, Manukau City"
"Stonefield Building","https://yellow.co.nz/y/stonefield-building-point-england?src=Other&c=396","022 0364650","","Servicing: Auckland Region"
"Brett Ransley Web Development","https://yellow.co.nz/y/brett-ransley-web?src=Other&c=396","027 2231467","https://brettransley.com","Servicing: Whanganui Region, Canterbury Region, Bay Of Plenty, Timaru Oamaru Region, Marlborough Region, Northland, Nelson Region, Taranaki, Auckland Region, Waikato Region, Otago, Gisborne Region, Wellington Region, Wairarapa, Manawatu Region, Hawkes Bay, Southland Region, West Coast"
"RED SQUARE CONSTRUCTION LIMITED","https://yellow.co.nz/y/red-square-construction?src=Other&c=396","021 08517908","https://red2.co.nz","Servicing: Auckland Region"
"Hero Builder","https://yellow.co.nz/y/hero-builder-whenuapai-kawakawa?src=Other&c=396","0800 166899","http://www.herointernational.co.nz/","Servicing: Auckland Region, Waikato Region"
"Auckland Sleepouts","https://yellow.co.nz/y/auckland-sleepouts-mount-richardson?src=Other&c=396","021 1331575","https://aucklandsleepouts.wordpress.com","Servicing: Whanganui Region, Canterbury Region, Bay Of Plenty, Timaru Oamaru Region, Marlborough Region, Northland, Nelson Region, Taranaki, Auckland Region, Waikato Region, Otago, Gisborne Region, Wellington Region, Wairarapa, Manawatu Region, Hawkes Bay, Southland Region, West Coast"
"CTC Civil","https://yellow.co.nz/y/ctc-civil?src=Other&c=396","021 2831438","https://ctccivil.co.nz","Servicing: Auckland Region, Bay Of Plenty, Northland, Waikato Region, Hawkes Bay"
"Franklin property management","https://yellow.co.nz/y/franklin-property-management?src=Other&c=396","028 21029532","https://reliancepropertymanagement.co.nz/","Servicing: Whanganui Region, Canterbury Region, Bay Of Plenty, Timaru Oamaru Region, Marlborough Region, Northland, Nelson Region, Taranaki, Auckland Region, Waikato Region, Otago, Gisborne Region, Wellington Region, Wairarapa, Manawatu Region, Hawkes Bay, Southland Region, West Coast"
"LB Outfitters","https://yellow.co.nz/y/lb-outfitters-watlington-canada?src=Other&c=396","027 6156336","https://www.lb-outfitters.co.nz","Servicing: Whanganui Region, Canterbury Region, Bay Of Plenty, Timaru Oamaru Region, Marlborough Region, Northland, Nelson Region, Taranaki, Auckland Region, Waikato Region, Otago, Gisborne Region, Wellington Region, Wairarapa, Manawatu Region, Hawkes Bay, Southland Region, West Coast"
"Pro-Dev","https://yellow.co.nz/y/pro-dev?src=Other&c=396","021 301412","https://pro-dev.co.nz","Servicing: Whanganui Region, Canterbury Region, Bay Of Plenty, Timaru Oamaru Region, Marlborough Region, Northland, Nelson Region, Taranaki, Auckland Region, Waikato Region, Otago, Gisborne Region, Wellington Region, Wairarapa, Manawatu Region, Hawkes Bay, Southland Region, West Coast"
"Bison Property Services","https://yellow.co.nz/y/bison-property-services?src=Other&c=396","021 02294140","","Servicing: Whanganui Region, Canterbury Region, Bay Of Plenty, Timaru Oamaru Region, Marlborough Region, Northland, Nelson Region, Taranaki, Auckland Region, Waikato Region, Otago, Gisborne Region, Wellington Region, Wairarapa, Manawatu Region, Hawkes Bay, Southland Region, West Coast"
"0223812132","https://yellow.co.nz/y/0223812132-one-tree?src=Other&c=396","022 3812132","","Servicing: Whanganui Region, Bay Of Plenty, Northland, Taranaki, Auckland Region, Waikato Region, Gisborne Region, Wellington Region, Wairarapa, Manawatu Region, Hawkes Bay"
"Superior Renovations","https://yellow.co.nz/y/superior-renovations-william-pickering-3?src=Other&c=396","0800 199888","https://superiorrenovations.co.nz","Servicing: Auckland City, North Shore, West Auckland"
"TopBuilders","https://yellow.co.nz/y/topbuilders-sunnyvale-sunnyside?src=Other&c=396","020 4075983","https://topbuilders.nz","Servicing: Whanganui Region, Canterbury Region, Bay Of Plenty, Timaru Oamaru Region, Marlborough Region, Northland, Nelson Region, Taranaki, Auckland Region, Waikato Region, Otago, Gisborne Region, Wellington Region, Wairarapa, Manawatu Region, Hawkes Bay, Southland Region, West Coast"
"Stonefield Building","https://yellow.co.nz/y/stonefield-building-point-england?src=Other&c=396","022 0364650","","Servicing: Auckland Region"
"Pencarrow Cabins","https://yellow.co.nz/y/pencarrow-cabins-raiha?src=Other&c=396","0800 111228","https://pencarrowcabins.co.nz","Servicing: Whanganui Region, Bay Of Plenty, Northland, Taranaki, Auckland Region, Waikato Region, Gisborne Region, Wellington Region, Wairarapa, Manawatu Region, Hawkes Bay"
"B L H Interior Plastering Ltd","https://yellow.co.nz/y/blh-interior-plastering?src=Other&c=396","027 2001117","https://blh.interiorplastering.com","Servicing: Auckland City, North Shore, Hibiscus Coast, West Auckland"
"Truswood","https://yellow.co.nz/y/truswood?src=Other&c=396","021 457444","","Servicing: North Shore, West Auckland, Helensville Area, Pukekohe Area, Auckland City, Manukau City, Hibiscus Coast"
"ReadyFence Ltd","https://yellow.co.nz/y/readyfence-kerikeri-kotare?src=Other&c=396","09 4071327","https://www.readyfence.co.nz","Servicing: Whanganui Region, Canterbury Region, Bay Of Plenty, Timaru Oamaru Region, Marlborough Region, Northland, Nelson Region, Taranaki, Auckland Region, Waikato Region, Otago, Gisborne Region, Wellington Region, Wairarapa, Manawatu Region, Hawkes Bay, Southland Region, West Coast"
"FRP Products","https://yellow.co.nz/y/frp-products?src=Other&c=396","0800 464377","https://frp-products.co.nz/","Servicing: Whanganui Region, Canterbury Region, Bay Of Plenty, Timaru Oamaru Region, Marlborough Region, Northland, Nelson Region, Taranaki, Auckland Region, Waikato Region, Otago, Gisborne Region, Wellington Region, Wairarapa, Manawatu Region, Hawkes Bay, Southland Region, West Coast"
"JaCo Contracting Ltd","https://yellow.co.nz/y/jaco-contracting?src=Other&c=396","021 435312","","Servicing: Bay Of Plenty, Northland, Auckland Region, Waikato Region"
"Spoak","https://yellow.co.nz/y/spoak?src=Other&c=396","03 4556520","https://www.spoak.co.nz/","Servicing: Whanganui Region, Canterbury Region, Bay Of Plenty, Timaru Oamaru Region, Marlborough Region, Northland, Nelson Region, Taranaki, Auckland Region, Waikato Region, Otago, Gisborne Region, Wellington Region, Wairarapa, Manawatu Region, Hawkes Bay, Southland Region, West Coast"
"Wilson Property Maintanence Limited","https://yellow.co.nz/y/wilson-property-stanmore-bay?src=Other&c=396","021 08955127","https://wilsonpropertymaintanence.co.nz/","Servicing: Hibiscus Coast, Auckland City, Warkworth Area, Wellsford Area, Helensville Area, North Shore, West Auckland, Manukau City"
"Test Business Simplify Buy Journey","https://yellow.co.nz/y/test-business-simplify-samuel?src=Other&c=396","022 23456788","","Servicing: Whanganui Region, Canterbury Region, Bay Of Plenty, Timaru Oamaru Region, Marlborough Region, Northland, Nelson Region, Taranaki, Auckland Region, Waikato Region, Otago, Gisborne Region, Wellington Region, Wairarapa, Manawatu Region, Hawkes Bay, Southland Region, West Coast"
"Linepower","https://yellow.co.nz/y/linepower-waiwhakaiho?src=Other&c=396","06 7591838","http://www.linepower.co.nz","Servicing: Auckland Region, Bay Of Plenty, Gisborne Region, Hawkes Bay, Manawatu Region, Northland, Taranaki, Waikato Region, Wairarapa, Wellington Region, Whanganui Region"
"Signature Homes","https://yellow.co.nz/y/signature-homes-main-2?src=Other&c=396","09 4129010","http://www.signaturehomes.co.nz","Servicing this area"
"RED SQUARE CONSTRUCTION LIMITED","https://yellow.co.nz/y/red-square-construction?src=Other&c=396","021 08517908","https://red2.co.nz","Servicing: Auckland Region"
"Auckland Roofworks Limited","https://yellow.co.nz/y/auckland-roofworks?src=Other&c=396","021 08348092","","Servicing: Manukau City, North Shore, Helensville Area, Pukekohe Area, Auckland City, Papakura Area, Leigh Area, Hibiscus Coast, West Auckland"
"G.J. Gardner Homes","https://yellow.co.nz/y/gj-gardner-homes-kumeu?src=Other&c=396","09 4125371","http://www.gjgardner.co.nz","1A Tapu Road Kumeu Auckland"
"Your Housing Solutions","https://yellow.co.nz/y/your-housing-fenton-park?src=Other&c=396","0800 735532","https://www.yourhousingsolutions.nz/","Servicing: Whanganui Region, Canterbury Region, Bay Of Plenty, Timaru Oamaru Region, Marlborough Region, Northland, Nelson Region, Taranaki, Auckland Region, Waikato Region, Otago, Gisborne Region, Wellington Region, Wairarapa, Manawatu Region, Hawkes Bay, Southland Region, West Coast"
